numero_artigo,caput
18,"da Constituição, DECRETA a seguinte Lei: P ARTE GERAL TÍTULO I – Da Aplicação da Lei Penal Anterioridade da Lei"
1,Não há crime sem lei anterior que o defina. Não há pena sem prévia cominação legal. Lei penal no tempo
2,"Ninguém pode ser punido por fato que lei posterior deixa de considerar crime, cessando em virtude dela a execução e os efeitos penais da sentença condenatória. Parágrafo único . A lei posterior, que de qualquer modo favorecer o agente, aplica-se aos fatos anteriores, ainda que decididos por sentença condenatória transitada em julgado. Lei excepcional ou temporária"
3,"A lei excepcional ou temporária, embora decorrido o período de sua duração ou cessadas as circunstâncias que a determinaram, aplica-se ao fato praticado durante sua vigência.11 Decreto-Lei no 2.848/1940 Tempo do crime"
4,"Considera-se praticado o crime no momento da ação ou omissão, ainda que outro seja o momento do resultado. Territorialidade"
5,"Aplica-se a lei brasileira, sem prejuízo de convenções, tratados e regras de direito internacional, ao crime cometido no território nacional."
6,"Considera-se praticado o crime no lugar em que ocorreu a ação ou omissão, no todo ou em parte, bem como onde se produziu ou deveria produzir-se o resultado. Extraterritorialidade"
7,"Ficam sujeitos à lei brasileira, embora cometidos no estrangeiro: I – os crimes: a) contra a vida ou a liberdade do Presidente da República; b) contra o patrimônio ou a fé pública da União, do Distrito Federal, de Estado, de Território, de Município, de empresa pública, sociedade de economia mista, autarquia ou fundação instituída pelo Poder Público;12 Código Penal c) contra a administração pública, por quem está a seu serviço; d) de genocídio, quando o agente for brasileiro ou domiciliado no Brasil; II – os crimes: a) que, por tratado ou convenção, o Brasil se obrigou a reprimir; b) praticados por brasileiro; c) praticados em aeronaves ou embarcações brasileiras, mercantes ou de propriedade privada, quando em território estrangeiro e aí não sejam julgados."
8,"A pena cumprida no estrangeiro atenua a pena imposta no Brasil pelo mesmo crime, quando diversas, ou nela é computada, quando idênticas.13 Decreto-Lei no 2.848/1940 Eficácia de sentença estrangeira"
9,"A sentença estrangeira, quando a aplicação da lei brasileira produz na espécie as mesmas consequências, pode ser homologada no Brasil para: I – obrigar o condenado à reparação do dano, a restituições e a outros efeitos civis; II – sujeitá-lo a medida de segurança. Parágrafo único . A homologação depende: a) para os efeitos previstos no inciso I, de pedido da parte interessada; b) para os outros efeitos, da existência de tratado de extradição com o país de cuja autoridade judiciária emanou a sentença, ou, na falta de tratado, de requisição do Ministro da Justiça. Contagem de prazo"
10,"O dia do começo inclui-se no cômputo do prazo. Contam-se os dias, os meses e os anos pelo calendário comum. Frações não computáveis da pena"
11,"Desprezam-se, nas penas privativas de liberdade e nas restritivas de direitos, as frações de dia, e, na pena de multa, as frações de cruzeiro. Legislação especial"
12,"As regras gerais deste Código aplicam-se aos fatos incriminados por lei especial, se esta não dispuser de modo diverso.14 Código Penal TÍTULO II – Do Crime Relação de causalidade"
13,"O resultado, de que depende a existência do crime, somente é imputável a quem lhe deu causa. Considera-se causa a ação ou omissão sem a qual o resultado não teria ocorrido. Superveniência de causa independente"
14,"Diz-se o crime: Crime consumado I – consumado, quando nele se reúnem todos os elementos de sua definição legal; Tentativa II – tentado, quando, iniciada a execução, não se consuma por circuns - tâncias alheias à vontade do agente."
15,"O agente que, voluntariamente, desiste de prosseguir na execução ou impede que o resultado se produza, só responde pelos atos já praticados. Arrependimento posterior"
16,"Nos crimes cometidos sem violência ou grave ameaça à pessoa, reparado o dano ou restituída a coisa, até o recebimento da denúncia ou da queixa, por ato voluntário do agente, a pena será reduzida de um a dois terços. Crime impossível"
17,"Não se pune a tentativa quando, por ineficácia absoluta do meio ou por absoluta impropriedade do objeto, é impossível consumar-se o crime."
19,"Pelo resultado que agrava especialmente a pena, só responde o agente que o houver causado ao menos culposamente.16 Código Penal Erro sobre elementos do tipo"
20,"O erro sobre elemento constitutivo do tipo legal de crime exclui o dolo, mas permite a punição por crime culposo, se previsto em lei. Descriminantes putativas"
21,"O desconhecimento da lei é inescusável. O erro sobre a ilicitude do fato, se inevitável, isenta de pena; se evitável, poderá diminuí-la de um sexto a um terço. Parágrafo único . Considera-se evitável o erro se o agente atua ou se omite sem a consciência da ilicitude do fato, quando lhe era possível, nas circunstâncias, ter ou atingir essa consciência. Coação irresistível e obediência hierárquica"
22,"Se o fato é cometido sob coação irresistível ou em estrita obe - diência a ordem, não manifestamente ilegal, de superior hierárquico, só é punível o autor da coação ou da ordem.17 Decreto-Lei no 2.848/1940 Exclusão de ilicitude"
23,"Não há crime quando o agente pratica o fato: I – em estado de necessidade; II – em legítima defesa; III – em estrito cumprimento de dever legal ou no exercício regular de direito. Excesso punível Parágrafo único . O agente, em qualquer das hipóteses deste artigo, responderá pelo excesso doloso ou culposo. Estado de necessidade"
24,"Considera-se em estado de necessidade quem pratica o fato para salvar de perigo atual, que não provocou por sua vontade, nem podia de outro modo evitar, direito próprio ou alheio, cujo sacrifício, nas circuns - tâncias, não era razoável exigir-se."
25,"Entende-se em legítima defesa quem, usando moderadamente dos meios necessários, repele injusta agressão, atual ou iminente, a direito seu ou de outrem.18 Código Penal TÍTULO III – Da Imputabilidade Penal Inimputáveis"
26,"É isento de pena o agente que, por doença mental ou desenvol - vimento mental incompleto ou retardado, era, ao tempo da ação ou da omissão, inteiramente incapaz de entender o caráter ilícito do fato ou de determinar-se de acordo com esse entendimento. Redução de pena Parágrafo único . A pena pode ser reduzida de um a dois terços, se o agente, em virtude de perturbação de saúde mental ou por desenvolvimento mental incompleto ou retardado não era inteiramente capaz de entender o caráter ilícito do fato ou de determinar-se de acordo com esse entendimento. Menores de dezoito anos"
27,"Os menores de 18 (dezoito) anos são penalmente inimputáveis, ficando sujeitos às normas estabelecidas na legislação especial. Emoção e paixão"
28,"Não excluem a imputabilidade penal: I – a emoção ou a paixão; Embriaguez II – a embriaguez, voluntária ou culposa, pelo álcool ou substância de efeitos análogos."
29,"Quem, de qualquer modo, concorre para o crime incide nas penas a este cominadas, na medida de sua culpabilidade."
30,"Não se comunicam as circunstâncias e as condições de caráter pessoal, salvo quando elementares do crime. Casos de impunibilidade"
31,"O ajuste, a determinação ou instigação e o auxílio, salvo dispo - sição expressa em contrário, não são puníveis, se o crime não chega, pelo menos, a ser tentado. TÍTULO V – Das Penas CAPÍTULO I – Das Espécies de Pena"
32,As penas são: I – privativas de liberdade; II – restritivas de direitos;20 Código Penal III – de multa. SEÇÃO I – Das Penas Privativas de Liberdade Reclusão e detenção
33,"A pena de reclusão deve ser cumprida em regime fechado, semia - berto ou aberto. A de detenção, em regime semiaberto, ou aberto, salvo necessidade de transferência a regime fechado."
34,"O condenado será submetido, no início do cumprimento da pena, a exame criminológico de classificação para individualização da execução."
35,"Aplica-se a norma do art. 34 deste Código, caput , ao condenado que inicie o cumprimento da pena em regime semiaberto."
36,O regime aberto baseia-se na autodisciplina e senso de respon - sabilidade do condenado.
37,"As mulheres cumprem pena em estabelecimento próprio, obser - vando-se os deveres e direitos inerentes à sua condição pessoal, bem como, no que couber, o disposto neste Capítulo. Direitos do preso"
38,"O preso conserva todos os direitos não atingidos pela perda da liberdade, impondo-se a todas as autoridades o respeito à sua integridade física e moral. Trabalho do preso"
39,"O trabalho do preso será sempre remunerado, sendo-lhe garan - tidos os benefícios da Previdência Social. Legislação especial"
40,"A legislação especial regulará a matéria prevista nos arts. 38 e 39 deste Código, bem como especificará os deveres e direitos do preso, os critérios para revogação e transferência dos regimes e estabelecerá as infrações disciplinares e correspondentes sanções. Superveniência de doença mental"
41,"O condenado a quem sobrevém doença mental deve ser reco - lhido a hospital de custódia e tratamento psiquiátrico ou, à falta, a outro estabelecimento adequado. Detração"
42,"Computam-se, na pena privativa de liberdade e na medida de segurança, o tempo de prisão provisória, no Brasil ou no estrangeiro, o de 23 Decreto-Lei no 2.848/1940 prisão administrativa e o de internação em qualquer dos estabelecimentos referidos no artigo anterior. SEÇÃO II – Das Penas Restritivas de Direitos"
43,As penas restritivas de direitos são: I – prestação pecuniária; II – perda de bens e valores; III – (Vetado); IV – prestação de serviço à comunidade ou a entidades públicas; V – interdição temporária de direitos; VI – limitação de fim de semana.
44,"As penas restritivas de direitos são autônomas e substituem as privativas de liberdade, quando: I – aplicada pena privativa de liberdade não superior a quatro anos e o crime não for cometido com violência ou grave ameaça à pessoa ou, qualquer que seja a pena aplicada, se o crime for culposo; II – o réu não for reincidente em crime doloso; III – a culpabilidade, os antecedentes, a conduta social e a personalidade do condenado, bem como os motivos e as circunstâncias indicarem que essa substituição seja suficiente."
45,"Na aplicação da substituição prevista no artigo anterior, proceder- se-á na forma deste e dos arts. 46, 47 e 48."
46,A prestação de serviços à comunidade ou a entidades públicas é aplicável às condenações superiores a seis meses de privação da liberdade.25 Decreto-Lei no 2.848/1940
47,"As penas de interdição temporária de direitos são: I – proibição do exercício de cargo, função ou atividade pública, bem como de mandato eletivo; II – proibição do exercício de profissão, atividade ou ofício que depen - dam de habilitação especial, de licença ou autorização do poder público; III – suspensão de autorização ou de habilitação para dirigir veículo. IV – proibição de frequentar determinados lugares. V – proibição de inscrever-se em concurso, avaliação ou exame públicos. Limitação de fim de semana"
48,"A limitação de fim de semana consiste na obrigação de perma - necer, aos sábados e domingos, por 5 (cinco) horas diárias, em casa de albergado ou outro estabelecimento adequado. Parágrafo único . Durante a permanência poderão ser ministrados ao condenado cursos e palestras ou atribuídas atividades educativas.26 Código Penal SEÇÃO III – Da Pena de Multa Multa"
49,"A pena de multa consiste no pagamento ao fundo penitenciário da quantia fixada na sentença e calculada em dias-multa. Será, no mínimo, de 10 (dez) e, no máximo, de 360 (trezentos e sessenta) dias-multa."
50,"A multa deve ser paga dentro de 10 (dez) dias depois de transi - tada em julgado a sentença. A requerimento do condenado e conforme as circunstâncias, o juiz pode permitir que o pagamento se realize em parcelas mensais."
51,"Transitada em julgado a sentença condenatória, a multa será considerada dívida de valor, aplicando-se-lhes as normas da legislação 27 Decreto-Lei no 2.848/1940 relativa à dívida ativa da Fazenda Pública, inclusive no que concerne às causas interruptivas e suspensivas da prescrição."
52,"É suspensa a execução da pena de multa, se sobrevém ao conde - nado doença mental. CAPÍTULO II – Da Cominação das Penas"
53,As penas privativas de liberdade têm seus limites estabelecidos na sanção correspondente a cada tipo legal de crime.
54,"As penas restritivas de direitos são aplicáveis, independentemente de cominação na parte especial, em substituição à pena privativa de liber - dade, fixada em quantidade inferior a 1 (um) ano, ou nos crimes culposos."
55,"As penas restritivas de direitos referidas nos incisos III, IV , V e VI do art. 43 terão a mesma duração da pena privativa de liberdade substituída, ressalvado o disposto no § 4o do art. 46."
56,"As penas de interdição, previstas nos incisos I e II do art. 47 deste Código, aplicam-se para todo o crime cometido no exercício de profissão, atividade, ofício, cargo ou função, sempre que houver violação dos deveres que lhes são inerentes.28 Código Penal"
57,"A pena de interdição, prevista no inciso III do art. 47 deste Código, aplica-se aos crimes culposos de trânsito."
58,"A multa, prevista em cada tipo legal de crime, tem os limites fixados no art. 49 e seus parágrafos deste Código. Parágrafo único . A multa prevista no parágrafo único do art. 44 e no"
59,"O juiz, atendendo à culpabilidade, aos antecedentes, à conduta social, à personalidade do agente, aos motivos, às circunstâncias e conse - quências do crime, bem como ao comportamento da vítima, estabelecerá, conforme seja necessário e suficiente para reprovação e prevenção do crime: I – as penas aplicáveis dentre as cominadas; II – a quantidade de pena aplicável, dentro dos limites previstos; III – o regime inicial de cumprimento da pena privativa de liberdade; IV – a substituição da pena privativa da liberdade aplicada, por outra espécie de pena, se cabível. Critérios especiais da pena de multa"
60,"Na fixação da pena de multa o juiz deve atender, principalmente, à situação econômica do réu."
61,"São circunstâncias que sempre agravam a pena, quando não constituem ou qualificam o crime: I – a reincidência; II – ter o agente cometido o crime: a) por motivo fútil ou torpe; b) para facilitar ou assegurar a execução, a ocultação, a impunidade ou vantagem de outro crime; c) à traição, de emboscada, ou mediante dissimulação, ou outro recurso que dificultou ou tornou impossível a defesa do ofendido; d) com emprego de veneno, fogo, explosivo, tortura ou outro meio insidioso ou cruel, ou de que podia resultar perigo comum; e) contra ascendente, descendente, irmão ou cônjuge; f) com abuso de autoridade ou prevalecendo-se de relações domésticas, de coabitação ou de hospitalidade, ou com violência contra a mulher na forma da lei específica; g) com abuso de poder ou violação de dever inerente a cargo, ofício, ministério ou profissão; h) contra criança, maior de 60 (sessenta) anos, enfermo ou mulher grávida; i) quando o ofendido estava sob a imediata proteção da autoridade; j) em ocasião de incêndio, naufrágio, inundação ou qualquer calami - dade pública, ou de desgraça particular do ofendido; l) em estado de embriaguez preordenada. Agravantes no caso de concurso de pessoas"
62,"A pena será ainda agravada em relação ao agente que:30 Código Penal I – promove, ou organiza a cooperação no crime ou dirige a atividade dos demais agentes; II – coage ou induz outrem à execução material do crime; III – instiga ou determina a cometer o crime alguém sujeito à sua autoridade ou não punível em virtude de condição ou qualidade pessoal; IV – executa o crime, ou nele participa, mediante paga ou promessa de recompensa. Reincidência"
63,"Verifica-se a reincidência quando o agente comete novo crime, depois de transitar em julgado a sentença que, no País ou no estrangeiro, o tenha condenado por crime anterior."
64,"Para efeito de reincidência: I – não prevalece a condenação anterior, se entre a data do cumprimento ou extinção da pena e a infração posterior tiver decorrido período de tempo superior a 5 (cinco) anos, computado o período de prova da suspensão ou do livramento condicional, se não ocorrer revogação; II – não se consideram os crimes militares próprios e políticos. Circunstâncias atenuantes"
65,"São circunstâncias que sempre atenuam a pena: I – ser o agente menor de 21 (vinte e um), na data do fato, ou maior de 70 (setenta) anos, na data da sentença; II – o desconhecimento da lei; III – ter o agente: a) cometido o crime por motivo de relevante valor social ou moral; b) procurado, por sua espontânea vontade e com eficiência, logo após o crime, evitar-lhe ou minorar-lhe as consequências, ou ter, antes do jul - gamento, reparado o dano;31 Decreto-Lei no 2.848/1940 c) cometido o crime sob coação a que podia resistir, ou em cumprimento de ordem de autoridade superior, ou sob a influência de violenta emoção, provocada por ato injusto da vítima; d) confessado espontaneamente, perante a autoridade, a autoria do crime; e) cometido o crime sob a influência de multidão em tumulto, se não o provocou."
66,"A pena poderá ser ainda atenuada em razão de circunstância relevante, anterior ou posterior ao crime, embora não prevista expressa - mente em lei. Concurso de circunstâncias agravantes e atenuantes"
67,"No concurso de agravantes e atenuantes, a pena deve aproximar- se do limite indicado pelas circunstâncias preponderantes, entendendo-se como tais as que resultam dos motivos determinantes do crime, da perso - nalidade do agente e da reincidência. Cálculo da pena"
68,"A pena-base será fixada atendendo-se ao critério do art. 59 deste Código; em seguida serão consideradas as circunstâncias atenuantes e agravantes; por último, as causas de diminuição e de aumento. Parágrafo único . No concurso de causas de aumento ou de diminuição previstas na parte especial, pode o juiz limitar-se a um só aumento ou a uma só diminuição, prevalecendo, todavia, a causa que mais aumente ou diminua. Concurso material"
69,"Quando o agente, mediante mais de uma ação ou omissão, pra - tica dois ou mais crimes, idênticos ou não, aplicam-se cumulativamente as 32 Código Penal"
70,"Quando o agente, mediante uma só ação ou omissão, pratica dois ou mais crimes, idênticos ou não, aplica-se-lhe a mais grave das penas cabí - veis ou, se iguais, somente uma delas, mas aumentada, em qualquer caso, de um sexto até metade. As penas aplicam-se, entretanto, cumulativamente, se a ação ou omissão é dolosa e os crimes concorrentes resultam de desígnios autônomos, consoante o disposto no artigo anterior. Parágrafo único . Não poderá a pena exceder a que seria cabível pela regra do art. 69 deste Código. Crime continuado"
71,"Quando o agente, mediante mais de uma ação ou omissão, pratica dois ou mais crimes da mesma espécie e, pelas condições de tempo, lugar, maneira de execução e outras semelhantes, devem os subsequentes ser havidos como continuação do primeiro, aplica-se-lhe a pena de um só dos crimes, se idênticas, ou a mais grave, se diversas, aumentada, em qualquer caso, de um sexto a dois terços. Parágrafo único . Nos crimes dolosos, contra vítimas diferentes, cometi - dos com violência ou grave ameaça à pessoa, poderá o juiz, considerando a culpabilidade, os antecedentes, a conduta social e a personalidade do agente, bem como os motivos e as circunstâncias, aumentar a pena de um só dos crimes, se idênticas, ou a mais grave, se diversas, até o triplo, observadas as regras do parágrafo único do art. 70 e do art. 75 deste Código.33 Decreto-Lei no 2.848/1940 Multas no concurso de crimes"
72,"No concurso de crimes, as penas de multa são aplicadas distinta e integralmente. Erro na execução"
73,"Quando, por acidente ou erro no uso dos meios de execução, o agente, ao invés de atingir a pessoa que pretendia ofender, atinge pes - soa diversa, responde como se tivesse praticado o crime contra aquela, atendendo-se ao disposto no § 3o do art. 20 deste Código. No caso de ser também atingida a pessoa que o agente pretendia ofender, aplica-se a regra do art. 70 deste Código. Resultado diverso do pretendido"
74,"Fora dos casos do artigo anterior, quando, por acidente ou erro na execução do crime, sobrevém resultado diverso do pretendido, o agente responde por culpa, se o fato é previsto como crime culposo; se ocorre também o resultado pretendido, aplica-se a regra do art. 70 deste Código. Limite das penas"
75,O tempo de cumprimento das penas privativas de liberdade não pode ser superior a 30 (trinta) anos.
76,"No concurso de infrações, executar-se-á primeiramente a pena mais grave. CAPÍTULO IV – Da Suspensão Condicional da Pena Requisitos da suspensão da pena"
77,"A execução da pena privativa de liberdade, não superior a 2 (dois) anos, poderá ser suspensa, por 2 (dois) a 4 (quatro) anos, desde que: I – o condenado não seja reincidente em crime doloso; II – a culpabilidade, os antecedentes, a conduta social e personalidade do agente, bem como os motivos e as circunstâncias autorizem a concessão do benefício; III – não seja indicada ou cabível a substituição prevista no art. 44 deste Código."
78,"Durante o prazo da suspensão, o condenado ficará sujeito à ob - servação e ao cumprimento das condições estabelecidas pelo juiz."
79,"A sentença poderá especificar outras condições a que fica subor - dinada a suspensão, desde que adequadas ao fato e à situação pessoal do condenado."
80,A suspensão não se estende às penas restritivas de direitos nem à multa. Revogação obrigatória
81,"A suspensão será revogada se, no curso do prazo, o beneficiário: I – é condenado, em sentença irrecorrível, por crime doloso; II – frustra, embora solvente, a execução de pena de multa ou não efetua, sem motivo justificado, a reparação do dano; III – descumpre a condição do § 1o do art. 78 deste Código. Revogação facultativa"
82,"Expirado o prazo sem que tenha havido revogação, considera-se extinta a pena privativa de liberdade. CAPÍTULO V – Do Livramento Condicional Requisitos do livramento condicional"
83,O juiz poderá conceder livramento condicional ao condenado a
84,As penas que correspondem a infrações diversas devem somar-se para efeito do livramento.37 Decreto-Lei no 2.848/1940 Especificações das condições
85,A sentença especificará as condições a que fica subordinado o livramento. Revogação do livramento
86,"Revoga-se o livramento, se o liberado vem a ser condenado a pena privativa de liberdade, em sentença irrecorrível: I – por crime cometido durante a vigência do benefício; II – por crime anterior, observado o disposto no art. 84 deste Código. Revogação facultativa"
87,"O juiz poderá, também, revogar o livramento, se o liberado deixar de cumprir qualquer das obrigações constantes da sentença, ou for irrecorrivelmente condenado, por crime ou contravenção, a pena que não seja privativa de liberdade. Efeitos da revogação"
88,"Revogado o livramento, não poderá ser novamente concedido, e, salvo quando a revogação resulta de condenação por outro crime anterior àquele benefício, não se desconta na pena o tempo em que esteve solto o condenado. Extinção"
89,"O juiz não poderá declarar extinta a pena, enquanto não passar em julgado a sentença em processo a que responde o liberado, por crime cometido na vigência do livramento."
90,"Se até o seu término o livramento não é revogado, considera-se extinta a pena privativa de liberdade.38 Código Penal CAPÍTULO VI – Dos Efeitos da Condenação Efeitos genéricos e específicos"
91,"São efeitos da condenação: I – tornar certa a obrigação de indenizar o dano causado pelo crime; II – a perda em favor da União, ressalvado o direito do lesado ou de terceiro de boa-fé: a) dos instrumentos do crime, desde que consistam em coisas cujo fabrico, alienação, uso, porte ou detenção constitua fato ilícito; b) do produto do crime ou de qualquer bem ou valor que constitua proveito auferido pelo agente com a prática do fato criminoso."
92,"São também efeitos da condenação: I – a perda de cargo, função pública ou mandato eletivo: a) quando aplicada pena privativa de liberdade por tempo igual ou superior a um ano, nos crimes praticados com abuso de poder ou violação de dever para com a Administração Pública; b) quando for aplicada pena privativa de liberdade por tempo superior a 4 (quatro) anos nos demais casos; II – a incapacidade para o exercício do pátrio poder, tutela ou curatela, nos crimes dolosos, sujeitos à pena de reclusão, cometidos contra filho, tutelado ou curatelado; III – a inabilitação para dirigir veículo, quando utilizado como meio para a prática de crime doloso. Parágrafo único . Os efeitos de que trata este artigo não são automáticos, devendo ser motivadamente declarados na sentença.39 Decreto-Lei no 2.848/1940 CAPÍTULO VII – Da Reabilitação Reabilitação"
93,"A reabilitação alcança quaisquer penas aplicadas em sentença definitiva, assegurando ao condenado o sigilo dos registros sobre o seu processo e condenação. Parágrafo único . A reabilitação poderá, também, atingir os efeitos da condenação, previstos no art. 92 deste Código, vedada reintegração na situação anterior, nos casos dos incisos I e II do mesmo artigo."
94,"A reabilitação poderá ser requerida, decorridos 2 (dois) anos do dia em que for extinta, de qualquer modo, a pena ou terminar sua execu - ção, computando-se o período de prova da suspensão e o do livramento condicional, se não sobrevier revogação, desde que o condenado: I – tenha tido domicílio no País no prazo acima referido; II – tenha dado, durante esse tempo, demonstração efetiva e constante de bom comportamento público e privado; III – tenha ressarcido o dano causado pelo crime ou demonstre a abso - luta impossibilidade de o fazer, até o dia do pedido, ou exiba documento que comprove a renúncia da vítima ou novação da dívida. Parágrafo único . Negada a reabilitação, poderá ser requerida, a qualquer tempo, desde que o pedido seja instruído com novos elementos compro - batórios dos requisitos necessários."
95,"A reabilitação será revogada, de ofício ou a requerimento do Ministério Público, se o reabilitado for condenado, como reincidente, por decisão definitiva, a pena que não seja de multa.40 Código Penal TÍTULO VI – Das Medidas de Segurança Espécies de medidas de segurança"
96,"As medidas de segurança são: I – internação em hospital de custódia e tratamento psiquiátrico ou, à falta, em outro estabelecimento adequado; II – sujeição a tratamento ambulatorial. Parágrafo único . Extinta a punibilidade, não se impõe medida de segu - rança nem subsiste a que tenha sido imposta. Imposição da medida de segurança para inimputável"
97,"Se o agente for inimputável, o juiz determinará sua internação (art. 26). Se, todavia, o fato previsto como crime for punível com detenção, poderá o juiz submetê-lo a tratamento ambulatorial. Prazo"
98,"Na hipótese do parágrafo único do art. 26 deste Código e neces - sitando o condenado de especial tratamento curativo, a pena privativa de liberdade pode ser substituída pela internação, ou tratamento ambulatorial, pelo prazo mínimo de 1 (um) a 3 (três) anos, nos termos do artigo anterior e respectivos §§ 1o a 4o. Direitos do internado"
99,O internado será recolhido a estabelecimento dotado de carac - terísticas hospitalares e será submetido a tratamento. TÍTULO VII – Da Ação Penal Ação pública e de iniciativa privada
100,"A ação penal é pública, salvo quando a lei expressamente a declara privativa do ofendido."
101,"Quando a lei considera como elemento ou circunstâncias do tipo legal fatos que, por si mesmos, constituem crimes, cabe ação pública em relação àquele, desde que, em relação a qualquer destes, se deva proceder por iniciativa do Ministério Público. Irretratabilidade da representação"
102,A representação será irretratável depois de oferecida a denúncia. Decadência do direito de queixa ou de representação
103,"Salvo disposição expressa em contrário, o ofendido decai do direito de queixa ou de representação se não o exerce dentro do prazo de 6 (seis) meses, contado do dia em que veio a saber quem é o autor do crime, ou, no caso do § 3o do art. 100 deste Código, do dia em que se esgota o prazo para oferecimento da denúncia. Renúncia expressa ou tácita do direito de queixa"
104,"O direito de queixa não pode ser exercido quando renunciado expressa ou tacitamente. Parágrafo único . Importa renúncia tácita ao direito de queixa a prática de ato incompatível com a vontade de exercê-lo; não a implica, todavia, o fato de receber o ofendido a indenização do dano causado pelo crime. Perdão do ofendido"
105,"O perdão do ofendido, nos crimes em que somente se procede mediante queixa, obsta ao prosseguimento da ação."
106,"O perdão, no processo ou fora dele, expresso ou tácito: I – se concedido a qualquer dos querelados, a todos aproveita;43 Decreto-Lei no 2.848/1940 II – se concedido por um dos ofendidos, não prejudica o direito dos outros; III – se o querelado o recusa, não produz efeito."
107,"Extingue-se a punibilidade: I – pela morte do agente; II – pela anistia, graça ou indulto; III – pela retroatividade de lei que não mais considera o fato como criminoso; IV – pela prescrição, decadência ou perempção; V – pela renúncia do direito de queixa ou pelo perdão aceito, nos crimes de ação privada; VI – pela retratação do agente, nos casos em que a lei a admite; VII – (Revogado); VIII – (Revogado); IX – pelo perdão judicial, nos casos previstos em lei."
108,"A extinção da punibilidade de crime que é pressuposto, elemento constitutivo ou circunstância agravante de outro não se estende a este. Nos crimes conexos, a extinção da punibilidade de um deles não impede, quanto aos outros, a agravação da pena resultante da conexão.44 Código Penal Prescrição antes de transitar em julgado a sentença"
109,"A prescrição, antes de transitar em julgado a sentença final, salvo o disposto no § 1o do art. 110 deste Código, regula-se pelo máximo da pena privativa de liberdade cominada ao crime, verificando-se: I – em vinte anos, se o máximo da pena é superior a doze; II – em dezesseis anos, se o máximo da pena é superior a oito anos e não excede a doze; III – em doze anos, se o máximo da pena é superior a quatro anos e não excede a oito; IV – em oito anos, se o máximo da pena é superior a dois anos e não excede a quatro; V – em quatro anos, se o máximo da pena é igual a um ano ou, sendo superior, não excede a dois; VI – em 3 (três) anos, se o máximo da pena é inferior a 1 (um) ano. Prescrição das penas restritivas de direito Parágrafo único . Aplicam-se às penas restritivas de direito os mesmos prazos previstos para as privativas de liberdade. Prescrição depois de transitar em julgado sentença final condenatória"
110,"A prescrição depois de transitar em julgado a sentença condena - tória regula-se pela pena aplicada e verifica-se nos prazos fixados no artigo anterior, os quais se aumentam de um terço, se o condenado é reincidente."
111,"A prescrição, antes de transitar em julgado a sentença final, começa a correr: I – do dia em que o crime se consumou; II – no caso de tentativa, do dia em que cessou a atividade criminosa; III – nos crimes permanentes, do dia em que cessou a permanência; IV – nos de bigamia e nos de falsificação ou alteração de assentamento do registro civil, da data em que o fato se tornou conhecido; V – nos crimes contra a dignidade sexual de crianças e adolescentes, previstos neste Código ou em legislação especial, da data em que a vítima completar 18 (dezoito) anos, salvo se a esse tempo já houver sido proposta a ação penal. Termo inicial da prescrição após a sentença condenatória irrecorrível"
112,"No caso do art. 110 deste Código, a prescrição começa a correr: I – do dia em que transita em julgado a sentença condenatória, para a acusação, ou a que revoga a suspensão condicional da pena ou o livramento condicional; II – do dia em que se interrompe a execução, salvo quando o tempo da interrupção deva computar-se na pena. Prescrição no caso de evasão do condenado ou de revogação do livramento condicional"
113,"No caso de evadir-se o condenado ou de revogar-se o livramento condicional, a prescrição é regulada pelo tempo que resta da pena. Prescrição da multa"
114,"A prescrição da pena de multa ocorrerá: I – em 2 (dois) anos, quando a multa for a única cominada ou aplicada;46 Código Penal II – no mesmo prazo estabelecido para prescrição da pena privativa de liberdade, quando a multa for alternativa ou cumulativamente cominada ou cumulativamente aplicada. Redução dos prazos de prescrição"
115,"São reduzidos de metade os prazos de prescrição quando o criminoso era, ao tempo do crime, menor de 21 (vinte e um) anos, ou, na data da sentença, maior de 70 (setenta) anos. Causas impeditivas da prescrição"
116,"Antes de passar em julgado a sentença final, a prescrição não corre: I – enquanto não resolvida, em outro processo, questão de que dependa o reconhecimento da existência do crime; II – enquanto o agente cumpre pena no estrangeiro. Parágrafo único . Depois de passada em julgado a sentença condenatória, a prescrição não corre durante o tempo em que o condenado está preso por outro motivo. Causas interruptivas da prescrição"
117,O curso da prescrição interrompe-se: I – pelo recebimento da denúncia ou da queixa; II – pela pronúncia; III – pela decisão confirmatória da pronúncia; IV – pela publicação da sentença ou acórdão condenatórios recorríveis; V – pelo início ou continuação do cumprimento da pena; VI – pela reincidência.
118,As penas mais leves prescrevem com as mais graves.
119,"No caso de concurso de crimes, a extinção da punibilidade incidirá sobre a pena de cada um, isoladamente. Perdão judicial"
120,A sentença que conceder perdão judicial não será considerada para efeitos de reincidência. P ARTE ESPECIAL TÍTULO I – Dos Crimes contra a Pessoa CAPÍTULO I – Dos Crimes contra a Vida Homicídio simples
122,Induzir ou instigar alguém a suicidar-se ou prestar-lhe auxílio para que o faça:
123,"Matar, sob a influência do estado puerperal, o próprio filho, durante o parto ou logo após:"
124,Provocar aborto em si mesma ou consentir que outrem lho provoque:1
125,"Provocar aborto, sem o consentimento da gestante:"
126,Provocar aborto com o consentimento da gestante:2
127,"As penas cominadas nos dois artigos anteriores são aumentadas de um terço, se, em consequência do aborto ou dos meios empregados para provocá-lo, a gestante sofre lesão corporal de natureza grave; e são duplicadas, se, por qualquer dessas causas, lhe sobrevém a morte."
128,"Não se pune o aborto praticado por médico:3 Aborto necessário I – se não há outro meio de salvar a vida da gestante; 1 Nota do Editor (NE): ver ADPF no 54. 2 NE: ver ADPF no 54. 3 NE: ver APDF no 54.51 Decreto-Lei no 2.848/1940 Aborto no caso de gravidez resultante de estupro II – se a gravidez resulta de estupro e o aborto é precedido de consenti - mento da gestante ou, quando incapaz, de seu representante legal. CAPÍTULO II – Das Lesões Corporais Lesão corporal"
129,Ofender a integridade corporal ou a saúde de outrem:
130,"Expor alguém, por meio de relações sexuais ou qualquer ato libidinoso, a contágio de moléstia venérea, de que sabe ou deve saber que está contaminado:"
131,"Praticar, com o fim de transmitir a outrem moléstia grave de que está contaminado, ato capaz de produzir o contágio:"
132,Expor a vida ou a saúde de outrem a perigo direto e iminente:
133,"Abandonar pessoa que está sob seu cuidado, guarda, vigilância ou autoridade, e, por qualquer motivo, incapaz de defender-se dos riscos resultantes do abandono:"
134,"Expor ou abandonar recém-nascido, para ocultar desonra própria:"
135,"Deixar de prestar assistência, quando possível fazê-lo sem risco pessoal, a criança abandonada ou extraviada, ou a pessoa inválida ou ferida, ao desamparo ou em grave e iminente perigo; ou não pedir, nesses casos, o socorro da autoridade pública:"
136,"Expor a perigo a vida ou a saúde de pessoa sob sua autoridade, guarda ou vigilância, para fim de educação, ensino, tratamento ou cus - tódia, quer privando-a de alimentação ou cuidados indispensáveis, quer sujeitando-a a trabalho excessivo ou inadequado, quer abusando de meios de correção ou disciplina:"
137,"Participar de rixa, salvo para separar os contendores:"
138,"Caluniar alguém, imputando-lhe falsamente fato definido como crime:"
141,"III – se do crime imputado, embora de ação pública, o ofendido foi absolvido por sentença irrecorrível. Difamação"
139,"Difamar alguém, imputando-lhe fato ofensivo à sua reputação:57 Decreto-Lei no 2.848/1940"
140,"Injuriar alguém, ofendendo-lhe a dignidade ou o decoro:"
142,"Não constituem injúria ou difamação punível: I – a ofensa irrogada em juízo, na discussão da causa, pela parte ou por seu procurador; II – a opinião desfavorável da crítica literária, artística ou científica, salvo quando inequívoca a intenção de injuriar ou difamar; III – o conceito desfavorável emitido por funcionário público, em apreciação ou informação que preste no cumprimento de dever do ofício. Parágrafo único . Nos casos dos nos I e III, responde pela injúria ou pela difamação quem lhe dá publicidade. Retratação"
143,"O querelado que, antes da sentença, se retrata cabalmente da calúnia ou da difamação, fica isento de pena. Parágrafo único . Nos casos em que o querelado tenha praticado a calúnia ou a difamação utilizando-se de meios de comunicação, a retratação dar- se-á, se assim desejar o ofendido, pelos mesmos meios em que se praticou a ofensa."
144,"Se, de referências, alusões ou frases, se infere calúnia, difama - ção ou injúria, quem se julga ofendido pode pedir explicações em juízo. Aquele que se recusa a dá-las ou, a critério do juiz, não as dá satisfatórias, responde pela ofensa."
145,"Nos crimes previstos neste Capítulo somente se procede me - diante queixa, salvo quando, no caso do art. 140, § 2o, da violência resulta lesão corporal. Parágrafo único . Procede-se mediante requisição do Ministro da Justiça, no caso do inciso I do caput do art. 141 deste Código, e mediante repre -59 Decreto-Lei no 2.848/1940 sentação do ofendido, no caso do inciso II do mesmo artigo, bem como no caso do § 3o do art. 140 deste Código. CAPÍTULO VI – Dos Crimes contra a Liberdade Individual SEÇÃO I – Dos Crimes contra a Liberdade Pessoal Constrangimento ilegal"
146,"Constranger alguém, mediante violência ou grave ameaça, ou depois de lhe haver reduzido, por qualquer outro meio, a capacidade de resistência, a não fazer o que a lei permite, ou a fazer o que ela não manda:"
147,"Ameaçar alguém, por palavra, escrito ou gesto, ou qualquer outro meio simbólico, de causar-lhe mal injusto e grave:"
148,"Privar alguém de sua liberdade, mediante sequestro ou cárcere privado:"
149,"Reduzir alguém a condição análoga à de escravo, quer submeten - do-o a trabalhos forçados ou a jornada exaustiva, quer sujeitando-o a con - dições degradantes de trabalho, quer restringindo, por qualquer meio, sua locomoção em razão de dívida contraída com o empregador ou preposto:"
150,"Entrar ou permanecer, clandestina ou astuciosamente, ou contra a vontade expressa ou tácita de quem de direito, em casa alheia ou em suas dependências:"
151,"Devassar indevidamente o conteúdo de correspondência fecha - da, dirigida a outrem:"
152,"Abusar da condição de sócio ou empregado de estabelecimento comercial ou industrial para, no todo ou em parte, desviar, sonegar, subtrair ou suprimir correspondência, ou revelar a estranho seu conteúdo:"
153,"Divulgar alguém, sem justa causa, conteúdo de documento particular ou de correspondência confidencial, de que é destinatário ou detentor, e cuja divulgação possa produzir dano a outrem:64 Código Penal"
154,"Revelar alguém, sem justa causa, segredo, de que tem ciência em razão de função, ministério, ofício ou profissão, e cuja revelação possa produzir dano a outrem:"
155,"Subtrair, para si ou para outrem, coisa alheia móvel:"
156,"Subtrair o condômino, coerdeiro ou sócio, para si ou para ou - trem, a quem legitimamente a detém, a coisa comum:"
157,"Subtrair coisa móvel alheia, para si ou para outrem, mediante grave ameaça ou violência a pessoa, ou depois de havê-la, por qualquer meio, reduzido à impossibilidade de resistência:67 Decreto-Lei no 2.848/1940"
158,"Constranger alguém, mediante violência ou grave ameaça, e com o intuito de obter para si ou para outrem indevida vantagem econômica, a fazer, tolerar que se faça ou deixar fazer alguma coisa:"
159,"Sequestrar pessoa com o fim de obter, para si ou para outrem, qualquer vantagem, como condição ou preço do resgate:"
160,"Exigir ou receber, como garantia de dívida, abusando da situação de alguém, documento que pode dar causa a procedimento criminal contra a vítima ou contra terceiro:"
161,"Suprimir ou deslocar tapume, marco, ou qualquer outro sinal indicativo de linha divisória, para apropriar-se, no todo ou em parte, de coisa imóvel alheia:"
162,"Suprimir ou alterar, indevidamente, em gado ou rebanho alheio, marca ou sinal indicativo de propriedade:"
163,"Destruir, inutilizar ou deteriorar coisa alheia:"
164,"Introduzir ou deixar animais em propriedade alheia, sem con - sentimento de quem de direito, desde que o fato resulte prejuízo:"
165,"Destruir, inutilizar ou deteriorar coisa tombada pela autoridade competente em virtude de valor artístico, arqueológico ou histórico:"
166,"Alterar, sem licença da autoridade competente, o aspecto de local especialmente protegido por lei:"
167,"Nos casos do art. 163, do inciso IV do seu parágrafo e do art. 164, somente se procede mediante queixa. CAPÍTULO V – Da Apropriação Indébita Apropriação indébita"
168,"Apropriar-se de coisa alheia móvel, de que tem a posse ou a detenção:"
169,"Apropriar-se alguém de coisa alheia vinda ao seu poder por erro, caso fortuito ou força da natureza:"
170,"Nos crimes previstos neste Capítulo, aplica-se o disposto no"
171,"Obter, para si ou para outrem, vantagem ilícita, em prejuízo alheio, induzindo ou mantendo alguém em erro, mediante artifício, ardil, ou qualquer outro meio fraudulento:"
172,"Emitir fatura, duplicata ou nota de venda que não corresponda à mercadoria vendida, em quantidade ou qualidade, ou ao serviço prestado."
173,"Abusar, em proveito próprio ou alheio, de necessidade, paixão ou inexperiência de menor, ou da alienação ou debilidade mental de outrem, induzindo qualquer deles à prática de ato suscetível de produzir efeito jurídico, em prejuízo próprio ou de terceiro:"
174,"Abusar, em proveito próprio ou alheio, da inexperiência ou da simplicidade ou inferioridade mental de outrem, induzindo-o à prática de jogo ou aposta, ou à especulação com títulos ou mercadorias, sabendo ou devendo saber que a operação é ruinosa:"
175,"Enganar, no exercício de atividade comercial, o adquirente ou consumidor: I – vendendo, como verdadeira ou perfeita, mercadoria falsificada ou deteriorada; II – entregando uma mercadoria por outra:"
176,"Tomar refeição em restaurante, alojar-se em hotel ou utilizar-se de meio de transporte sem dispor de recursos para efetuar o pagamento:"
177,"Promover a fundação de sociedade por ações, fazendo, em prospecto ou em comunicação ao público ou à assembleia, afirmação falsa sobre a constituição da sociedade, ou ocultando fraudulentamente fato a ela relativo:"
178,"Emitir conhecimento de depósito ou warrant, em desacordo com disposição legal:"
179,"Fraudar execução, alienando, desviando, destruindo ou danifi - cando bens, ou simulando dívidas:"
180,"Adquirir, receber, transportar, conduzir ou ocultar, em proveito próprio ou alheio, coisa que sabe ser produto de crime, ou influir para que terceiro, de boa-fé, a adquira, receba ou oculte:"
181,"É isento de pena quem comete qualquer dos crimes previstos neste título, em prejuízo: I – do cônjuge, na constância da sociedade conjugal; II – de ascendente ou descendente, seja o parentesco legítimo ou ilegí - timo, seja civil ou natural."
182,"Somente se procede mediante representação, se o crime previsto neste título é cometido em prejuízo: I – do cônjuge desquitado ou judicialmente separado; II – de irmão, legítimo ou ilegítimo; III – de tio ou sobrinho, com quem o agente coabita."
183,"Não se aplica o disposto nos dois artigos anteriores: I – se o crime é de roubo ou de extorsão, ou, em geral, quando haja emprego de grave ameaça ou violência à pessoa; II – ao estranho que participa do crime; III – se o crime é praticado contra pessoa com idade igual ou superior a 60 (sessenta) anos.79 Decreto-Lei no 2.848/1940 TÍTULO III – Dos Crimes contra a Propriedade Imaterial CAPÍTULO I – Dos Crimes contra a Propriedade Intelectual Violação de direito autoral"
184,Violar direitos de autor e os que lhe são conexos:
186,"Procede-se mediante: I – queixa, nos crimes previstos no caput do art. 184; II – ação penal pública incondicionada, nos crimes previstos nos §§ 1o e 2o do art. 184; III – ação penal pública incondicionada, nos crimes cometidos em des - favor de entidades de direito público, autarquia, empresa pública, sociedade de economia mista ou fundação instituída pelo Poder Público; IV – ação penal pública condicionada à representação, nos crimes pre - vistos no § 3o do art. 184. CAPÍTULO II – Dos Crimes contra o Privilégio de Invenção Arts. 187 a 191. (Revogados) CAPÍTULO III – Dos Crimes contra as Marcas de Indústria e Comércio Arts. 192 a 195. (Revogados) CAPÍTULO IV – Dos Crimes de Concorrência Desleal"
196,(Revogado)81 Decreto-Lei no 2.848/1940 TÍTULO IV – Dos Crimes contra a Organização do Trabalho Atentado contra a liberdade de trabalho
197,"Constranger alguém, mediante violência ou grave ameaça: I – a exercer ou não exercer arte, ofício, profissão ou indústria, ou a trabalhar ou não trabalhar durante certo período ou em determinados dias:"
198,"Constranger alguém, mediante violência ou grave ameaça, a celebrar contrato de trabalho, ou a não fornecer a outrem ou não adquirir de outrem matéria-prima ou produto industrial ou agrícola:"
199,"Constranger alguém, mediante violência ou grave ameaça, a participar ou deixar de participar de determinado sindicato ou associação profissional:"
200,"Participar de suspensão ou abandono coletivo de trabalho, pra - ticando violência contra pessoa ou contra coisa:"
201,"Participar de suspensão ou abandono coletivo de trabalho, provocando a interrupção de obra pública ou serviço de interesse coletivo:"
202,"Invadir ou ocupar estabelecimento industrial, comercial ou agrícola, com o intuito de impedir ou embaraçar o curso normal do tra - balho, ou com o mesmo fim danificar o estabelecimento ou as coisas nele existentes ou delas dispor:"
203,"Frustrar, mediante fraude ou violência, direito assegurado pela legislação do trabalho:"
204,"Frustrar, mediante fraude ou violência, obrigação legal relativa à nacionalização do trabalho:"
205,"Exercer atividade, de que está impedido por decisão adminis - trativa:"
206,"Recrutar trabalhadores, mediante fraude, com o fim de levá-los para território estrangeiro:"
207,"Aliciar trabalhadores, com o fim de levá-los de uma para outra localidade do território nacional:"
208,"Escarnecer de alguém publicamente, por motivo de crença ou função religiosa; impedir ou perturbar cerimônia ou prática de culto reli - gioso; vilipendiar publicamente ato ou objeto de culto religioso:"
209,Impedir ou perturbar enterro ou cerimônia funerária:
210,Violar ou profanar sepultura ou urna funerária:
211,"Destruir, subtrair ou ocultar cadáver ou parte dele:"
212,Vilipendiar cadáver ou suas cinzas:
213,"Constranger alguém, mediante violência ou grave ameaça, a ter conjunção carnal ou a praticar ou permitir que com ele se pratique outro ato libidinoso:"
214,(Revogado)86 Código Penal Violação sexual mediante fraude
215,"Ter conjunção carnal ou praticar outro ato libidinoso com alguém, mediante fraude ou outro meio que impeça ou dificulte a livre manifestação de vontade da vítima:"
216,(Revogado) Assédio sexual
217,(Revogado)87 Decreto-Lei no 2.848/1940 Estupro de vulnerável
218,Induzir alguém menor de 14 (catorze) anos a satisfazer a lascívia de outrem:
224,(Revogado) Ação penal
225,"Nos crimes definidos nos Capítulos I e II deste Título, procede-se mediante ação penal pública condicionada à representação. Parágrafo único . Procede-se, entretanto, mediante ação penal pública in - condicionada se a vítima é menor de 18 (dezoito) anos ou pessoa vulnerável.89 Decreto-Lei no 2.848/1940 Aumento de pena"
226,"A pena é aumentada: I – de quarta parte, se o crime é cometido com o concurso de 2 (duas) ou mais pessoas; II – de metade, se o agente é ascendente, padrasto ou madrasta, tio, irmão, cônjuge, companheiro, tutor, curador, preceptor ou empregador da vítima ou por qualquer outro título tem autoridade sobre ela; III – (Revogado). CAPÍTULO V – Do Lenocínio e do Tráfico de Pessoa para Fim de Prostituição ou Outra Forma de Exploração Sexual Mediação para servir a lascívia de outrem"
227,Induzir alguém a satisfazer a lascívia de outrem:
228,"Induzir ou atrair alguém à prostituição ou outra forma de ex - ploração sexual, facilitá-la, impedir ou dificultar que alguém a abandone:"
229,"Manter, por conta própria ou de terceiro, estabelecimento em que ocorra exploração sexual, haja, ou não, intuito de lucro ou mediação direta do proprietário ou gerente:"
230,"Tirar proveito da prostituição alheia, participando diretamente de seus lucros ou fazendo-se sustentar, no todo ou em parte, por quem a exerça:"
231,(Revogado) Tráfico interno de pessoa para fim de exploração sexual
232,(Revogado) CAPÍTULO VI – Do Ultraje Público ao Pudor Ato obsceno
233,"Praticar ato obsceno em lugar público, ou aberto ou exposto ao público:"
234,"Fazer, importar, exportar, adquirir ou ter sob sua guarda, para fim de comércio, de distribuição ou de exposição pública, escrito, desenho, pintura, estampa ou qualquer objeto obsceno:"
235,"Contrair alguém, sendo casado, novo casamento:"
236,"Contrair casamento, induzindo em erro essencial o outro con - traente, ou ocultando-lhe impedimento que não seja casamento anterior:"
237,"Contrair casamento, conhecendo a existência de impedimento que lhe cause a nulidade absoluta:"
238,Atribuir-se falsamente autoridade para celebração de casamento:
239,Simular casamento mediante engano de outra pessoa:
240,(Revogado)94 Código Penal CAPÍTULO II – Dos Crimes contra o Estado de Filiação Registro de nascimento inexistente
241,Promover no registro civil a inscrição de nascimento inexistente:
242,"Dar parto alheio como próprio; registrar como seu o filho de outrem; ocultar recém-nascido ou substituí-lo, suprimindo ou alterando direito inerente ao estado civil:"
243,"Deixar em asilo de expostos ou outra instituição de assistência filho próprio ou alheio, ocultando-lhe a filiação ou atribuindo-lhe outra, com o fim de prejudicar direito inerente ao estado civil:"
244,"Deixar, sem justa causa, de prover a subsistência do cônjuge, ou de filho menor de 18 (dezoito) anos ou inapto para o trabalho, ou de ascen - dente inválido ou maior de 60 (sessenta) anos, não lhes proporcionando 95 Decreto-Lei no 2.848/1940 os recursos necessários ou faltando ao pagamento de pensão alimentícia judicialmente acordada, fixada ou majorada; deixar, sem justa causa, de socorrer descendente ou ascendente, gravemente enfermo:"
245,Entregar filho menor de 18 (dezoito) anos a pessoa em cuja companhia saiba ou deva saber que o menor fica moral ou materialmente em perigo:
246,"Deixar, sem justa causa, de prover à instrução primária de filho em idade escolar:"
247,"Permitir alguém que menor de dezoito anos, sujeito a seu poder ou confiado à sua guarda ou vigilância: I – frequente casa de jogo ou mal-afamada, ou conviva com pessoa viciosa ou de má vida; II – frequente espetáculo capaz de pervertê-lo ou de ofender-lhe o pudor, ou participe de representação de igual natureza;96 Código Penal III – resida ou trabalhe em casa de prostituição; IV – mendigue ou sirva a mendigo para excitar a comiseração pública:"
248,"Induzir menor de dezoito anos, ou interdito, a fugir do lugar em que se acha por determinação de quem sobre ele exerce autoridade, em virtude de lei ou de ordem judicial; confiar a outrem sem ordem do pai, do tutor ou do curador algum menor de dezoito anos ou interdito, ou deixar, sem justa causa, de entregá-lo a quem legitimamente o reclame:"
249,Subtrair menor de dezoito anos ou interdito ao poder de quem o tem sob sua guarda em virtude de lei ou de ordem judicial:
250,"Causar incêndio, expondo a perigo a vida, a integridade física ou o patrimônio de outrem:"
251,"Expor a perigo a vida, a integridade física ou o patrimônio de outrem, mediante explosão, arremesso ou simples colocação de engenho de dinamite ou de substância de efeitos análogos:"
252,"Expor a perigo a vida, a integridade física ou o patrimônio de outrem, usando de gás tóxico ou asfixiante:"
253,"Fabricar, fornecer, adquirir, possuir ou transportar, sem licença da autoridade, substância ou engenho explosivo, gás tóxico ou asfixiante, ou material destinado à sua fabricação:"
254,"Causar inundação, expondo a perigo a vida, a integridade física ou o patrimônio de outrem:"
255,"Remover, destruir ou inutilizar, em prédio próprio ou alheio, expondo a perigo a vida, a integridade física ou o patrimônio de outrem, obstáculo natural ou obra destinada a impedir inundação:"
256,"Causar desabamento ou desmoronamento, expondo a perigo a vida, a integridade física ou o patrimônio de outrem:"
257,"Subtrair, ocultar ou inutilizar, por ocasião de incêndio, inun - dação, naufrágio, ou outro desastre ou calamidade, aparelho, material ou qualquer meio destinado a serviço de combate ao perigo, de socorro ou salvamento; ou impedir ou dificultar serviço de tal natureza:"
258,"Se do crime doloso de perigo comum resulta lesão corporal de natureza grave, a pena privativa de liberdade é aumentada de metade; se resulta morte, é aplicada em dobro. No caso de culpa, se do fato resulta lesão corporal, a pena aumenta-se de metade; se resulta morte, aplica-se a"
259,"Difundir doença ou praga que possa causar dano a floresta, plantação ou animais de utilidade econômica:"
260,"Impedir ou perturbar serviço de estrada de ferro: I – destruindo, danificando ou desarranjando, total ou parcialmente, linha férrea, material rodante ou de tração, obra de arte ou instalação; II – colocando obstáculo na linha; III – transmitindo falso aviso acerca do movimento dos veículos ou interrompendo ou embaraçando o funcionamento de telégrafo, telefone ou radiotelegrafia; IV – praticando outro ato de que possa resultar desastre:"
261,"Expor a perigo embarcação ou aeronave, própria ou alheia, ou praticar qualquer ato tendente a impedir ou dificultar navegação marítima, fluvial ou aérea:"
262,"Expor a perigo outro meio de transporte público, impedir-lhe ou dificultar-lhe o funcionamento:"
263,"Se de qualquer dos crimes previstos nos arts. 260 a 262, no caso de desastre ou sinistro, resulta lesão corporal ou morte, aplica-se o disposto no art. 258. Arremesso de projétil"
264,"Arremessar projétil contra veículo, em movimento, destinado ao transporte público por terra, por água ou pelo ar:"
121,"§ 3o, aumentada de um terço. Atentado contra a segurança de serviço de utilidade pública"
265,"Atentar contra a segurança ou o funcionamento de serviço de água, luz, força ou calor, ou qualquer outro de utilidade pública:"
266,"Interromper ou perturbar serviço telegráfico, radiotelegráfico ou telefônico, impedir ou dificultar-lhe o restabelecimento:"
267,"Causar epidemia, mediante a propagação de germes patogênicos:"
268,"Infringir determinação do poder público, destinada a impedir introdução ou propagação de doença contagiosa:"
269,Deixar o médico de denunciar à autoridade pública doença cuja notificação é compulsória:
270,"Envenenar água potável, de uso comum ou particular, ou subs - tância alimentícia ou medicinal destinada a consumo:"
271,"Corromper ou poluir água potável, de uso comum ou particular, tornando-a imprópria para consumo ou nociva à saúde:"
272,"Corromper, adulterar, falsificar ou alterar substância ou produto alimentício destinado a consumo, tornando-o nociva à saúde ou reduzin - do-lhe o valor nutritivo:"
273,"Falsificar, corromper, adulterar ou alterar produto destinado a fins terapêuticos ou medicinais:"
274,"Empregar, no fabrico de produto destinado a consumo, re - vestimento, gaseificação artificial, matéria corante, substância aromática, antisséptica, conservadora ou qualquer outra não expressamente permitida pela legislação sanitária:"
275,"Inculcar, em invólucro ou recipiente de produtos alimentícios, te - rapêuticos ou medicinais, a existência de substância que não se encontra em seu conteúdo ou que nele existe em quantidade menor que a mencionada:"
276,"Vender, expor à venda, ter em depósito para vender ou, de qual - quer forma, entregar a consumo produto nas condições dos arts. 274 e 275."
277,"Vender, expor à venda, ter em depósito ou ceder substância des - tinada à falsificação de produtos alimentícios, terapêuticos ou medicinais:"
278,"Fabricar, vender, expor à venda, ter em depósito para vender ou, de qualquer forma, entregar a consumo coisa ou substância nociva à saúde, ainda que não destinada à alimentação ou a fim medicinal:107 Decreto-Lei no 2.848/1940"
279,(Revogado) Medicamento em desacordo com receita médica
280,Fornecer substância medicinal em desacordo com receita mé - dica:
281,"(Revogado) Exercício ilegal da medicina, arte dentária ou farmacêutica"
282,"Exercer, ainda que a título gratuito, a profissão de médico, den - tista ou farmacêutico, sem autorização legal ou excedendo-lhe os limites:"
283,Inculcar ou anunciar cura por meio secreto ou infalível:
284,"Exercer o curandeirismo: I – prescrevendo, ministrando ou aplicando, habitualmente, qualquer substância; II – usando gestos, palavras ou qualquer outro meio; III – fazendo diagnósticos:"
285,"Aplica-se o disposto no art. 258 aos crimes previstos neste Ca - pítulo, salvo quanto ao definido no art. 267. TÍTULO IX – Dos Crimes contra a Paz Pública Incitação ao crime"
286,"Incitar, publicamente, a prática de crime:"
287,"Fazer, publicamente, apologia de fato criminoso ou de autor de crime:"
288,"Associarem-se 3 (três) ou mais pessoas, para o fim específico de cometer crimes:109 Decreto-Lei no 2.848/1940"
289,"Falsificar, fabricando-a ou alterando-a, moeda metálica ou pa - pel-moeda de curso legal no país ou no estrangeiro:"
290,"Formar cédula, nota ou bilhete representativo de moeda com fragmentos de cédulas, notas ou bilhetes verdadeiros; suprimir, em nota, cédula ou bilhete recolhidos, para o fim de restituí-los à circulação, sinal indicativo de sua inutilização; restituir à circulação cédula, nota ou bilhete em tais condições, ou já recolhidos para o fim de inutilização:"
291,"Fabricar, adquirir, fornecer, a título oneroso ou gratuito, possuir ou guardar maquinismo, aparelho, instrumento ou qualquer objeto espe - cialmente destinado à falsificação de moeda:"
292,"Emitir, sem permissão legal, nota, bilhete, ficha, vale ou título que contenha promessa de pagamento em dinheiro ao portador ou a que falte indicação do nome da pessoa a quem deva ser pago:"
293,"Falsificar, fabricando-os ou alterando-os: I – selo destinado a controle tributário, papel selado ou qualquer papel de emissão legal destinado à arrecadação de tributo; II – papel de crédito público que não seja moeda de curso legal; III – vale postal; IV – cautela de penhor, caderneta de depósito de caixa econômica ou de outro estabelecimento mantido por entidade de direito público; V – talão, recibo, guia, alvará ou qualquer outro documento relativo a arrecadação de rendas públicas ou a depósito ou caução por que o poder público seja responsável; VI – bilhete, passe ou conhecimento de empresa de transporte admi - nistrada pela União, por Estado ou por Município:"
294,"Fabricar, adquirir, fornecer, possuir ou guardar objeto especial - mente destinado à falsificação de qualquer dos papéis referidos no artigo anterior:"
295,"Se o agente é funcionário público, e comete o crime prevalecen - do-se do cargo, aumenta-se a pena de sexta parte. CAPÍTULO III – Da Falsidade Documental Falsificação do selo ou sinal público"
296,"Falsificar, fabricando-os ou alterando-os: I – selo público destinado a autenticar atos oficiais da União, de Estado ou de Município; II – selo ou sinal atribuído por lei a entidade de direito público, ou a autoridade, ou sinal público de tabelião:"
297,"Falsificar, no todo ou em parte, documento público, ou alterar documento público verdadeiro:"
298,"Falsificar, no todo ou em parte, documento particular ou alterar documento particular verdadeiro:"
299,"Omitir, em documento público ou particular, declaração que dele devia constar, ou nele inserir ou fazer inserir declaração falsa ou diversa da que devia ser escrita, com o fim de prejudicar direito, criar obrigação ou alterar a verdade sobre fato juridicamente relevante:"
300,"Reconhecer, como verdadeira, no exercício de função pública, firma ou letra que o não seja:"
301,"Atestar ou certificar falsamente, em razão de função pública, fato ou circunstância que habilite alguém a obter cargo público, isenção de ônus ou de serviço de caráter público, ou qualquer outra vantagem:115 Decreto-Lei no 2.848/1940"
302,"Dar o médico, no exercício da sua profissão, atestado falso:"
303,"Reproduzir ou alterar selo ou peça filatélica que tenha valor para coleção, salvo quando a reprodução ou a alteração está visivelmente anotada na face ou no verso do selo ou peça:"
304,"Fazer uso de qualquer dos papéis falsificados ou alterados, a que se referem os arts. 297 a 302:"
305,"Destruir, suprimir ou ocultar, em benefício próprio ou de ou - trem, ou em prejuízo alheio, documento público ou particular verdadeiro, de que não podia dispor:"
306,"Falsificar, fabricando-o ou alterando-o, marca ou sinal empre - gado pelo poder público no contraste de metal precioso ou na fiscalização alfandegária, ou usar marca ou sinal dessa natureza, falsificado por outrem:"
307,"Atribuir-se ou atribuir a terceiro falsa identidade para obter vantagem, em proveito próprio ou alheio, ou para causar dano a outrem:"
308,"Usar, como próprio, passaporte, título de eleitor, caderneta de reservista ou qualquer documento de identidade alheia ou ceder a outrem, para que dele se utilize, documento dessa natureza, próprio ou de terceiro:117 Decreto-Lei no 2.848/1940"
309,"Usar o estrangeiro, para entrar ou permanecer no território nacional, nome que não é o seu:"
310,"Prestar-se a figurar como proprietário ou possuidor de ação, título ou valor pertencente a estrangeiro, nos casos em que a este é vedada por lei a propriedade ou a posse de tais bens:"
311,"Adulterar ou remarcar número de chassi ou qualquer sinal identificador de veículo automotor, de seu componente ou equipamento:"
312,"Apropriar-se o funcionário público de dinheiro, valor ou qual - quer outro bem móvel, público ou particular, de que tem a posse em razão do cargo, ou desviá-lo, em proveito próprio ou alheio:"
313,"Apropriar-se de dinheiro ou qualquer utilidade que, no exercício do cargo, recebeu por erro de outrem:"
314,"Extraviar livro oficial ou qualquer documento, de que tem a guarda em razão do cargo; sonegá-lo ou inutilizá-lo, total ou parcialmente:"
315,Dar às verbas ou rendas públicas aplicação diversa da estabe - lecida em lei:
316,"Exigir, para si ou para outrem, direta ou indiretamente, ainda que fora da função ou antes de assumi-la, mas em razão dela, vantagem indevida:"
317,"Solicitar ou receber, para si ou para outrem, direta ou indireta - mente, ainda que fora da função ou antes de assumi-la, mas em razão dela, vantagem indevida, ou aceitar promessa de tal vantagem:"
318,"Facilitar, com infração de dever funcional, a prática de contra - bando ou descaminho (art. 334):"
319,"Retardar ou deixar de praticar, indevidamente, ato de ofício, ou praticá-lo contra disposição expressa de lei, para satisfazer interesse ou sentimento pessoal:"
320,"Deixar o funcionário, por indulgência, de responsabilizar subor - dinado que cometeu infração no exercício do cargo ou, quando lhe falte competência, não levar o fato ao conhecimento da autoridade competente:"
321,"Patrocinar, direta ou indiretamente, interesse privado perante a administração pública, valendo-se da qualidade de funcionário:"
322,"Praticar violência, no exercício de função ou a pretexto de exercê-la:"
323,"Abandonar cargo público, fora dos casos permitidos em lei:"
324,"Entrar no exercício de função pública antes de satisfeitas as exigências legais, ou continuar a exercê-la, sem autorização, depois de saber oficialmente que foi exonerado, removido, substituído ou suspenso:"
325,"Revelar fato de que tem ciência em razão do cargo e que deva permanecer em segredo, ou facilitar-lhe a revelação:"
326,"Devassar o sigilo de proposta de concorrência pública, ou pro - porcionar a terceiro o ensejo de devassá-lo:"
327,"Considera-se funcionário público, para os efeitos penais, quem, embora transitoriamente ou sem remuneração, exerce cargo, emprego ou função pública."
328,Usurpar o exercício de função pública:
329,"Opor-se à execução de ato legal, mediante violência ou ameaça a funcionário competente para executá-lo ou a quem lhe esteja prestando auxílio:"
330,Desobedecer a ordem legal de funcionário público:
331,Desacatar funcionário público no exercício da função ou em razão dela:125 Decreto-Lei no 2.848/1940
332,"Solicitar, exigir, cobrar ou obter, para si ou para outrem, vanta - gem ou promessa de vantagem, a pretexto de influir em ato praticado por funcionário público no exercício da função:"
333,"Oferecer ou prometer vantagem indevida a funcionário público, para determiná-lo a praticar, omitir ou retardar ato de ofício:"
334,"Iludir, no todo ou em parte, o pagamento de direito ou imposto devido pela entrada, pela saída ou pelo consumo de mercadoria:"
335,"Impedir, perturbar ou fraudar concorrência pública ou venda em hasta pública, promovida pela administração federal, estadual ou mu - nicipal, ou por entidade paraestatal; afastar ou procurar afastar concorrente ou licitante, por meio de violência, grave ameaça, fraude ou oferecimento de vantagem:"
336,"Rasgar ou, de qualquer forma, inutilizar ou conspurcar edital afixado por ordem de funcionário público; violar ou inutilizar selo ou sinal empregado, por determinação legal ou por ordem de funcionário público, para identificar ou cerrar qualquer objeto:"
337,"Subtrair, ou inutilizar, total ou parcialmente, livro oficial, proces - so ou documento confiado à custódia de funcionário, em razão de ofício, ou de particular em serviço público:"
338,Reingressar no território nacional o estrangeiro que dele foi expulso:
339,"Dar causa à instauração de investigação policial, de processo judicial, instauração de investigação administrativa, inquérito civil ou ação de improbidade administrativa contra alguém, imputando-lhe crime de que o sabe inocente:"
340,"Provocar a ação de autoridade, comunicando-lhe a ocorrência de crime ou de contravenção que sabe não se ter verificado:"
341,"Acusar-se, perante a autoridade, de crime inexistente ou prati - cado por outrem:"
342,"Fazer afirmação falsa, ou negar ou calar a verdade como teste - munha, perito, contador, tradutor ou intérprete em processo judicial, ou administrativo, inquérito policial, ou em juízo arbitral:"
343,"Dar, oferecer ou prometer dinheiro ou qualquer outra vantagem a testemunha, perito, contador, tradutor ou intérprete, para fazer afirmação falsa, negar ou calar a verdade em depoimento, perícia, cálculos, tradução ou interpretação:"
344,"Usar de violência ou grave ameaça, com o fim de favorecer interesse próprio ou alheio, contra autoridade, parte, ou qualquer outra pessoa que funciona ou é chamada a intervir em processo judicial, policial ou administrativo, ou em juízo arbitral:"
345,"Fazer justiça pelas próprias mãos, para satisfazer pretensão, embora legítima, salvo quando a lei o permite:"
346,"Tirar, suprimir, destruir ou danificar coisa própria, que se acha em poder de terceiro por determinação judicial ou convenção:"
347,"Inovar artificiosamente, na pendência de processo civil ou ad - ministrativo, o estado de lugar, de coisa ou de pessoa, com o fim de induzir a erro o juiz ou o perito:"
348,Auxiliar a subtrair-se à ação de autoridade pública autor de crime a que é cominada pena de reclusão:
349,"Prestar a criminoso, fora dos casos de coautoria ou de receptação, auxílio destinado a tornar seguro o proveito do crime:"
350,"Ordenar ou executar medida privativa de liberdade individual, sem as formalidades legais ou com abuso de poder:"
351,Promover ou facilitar a fuga de pessoa legalmente presa ou submetida a medida de segurança detentiva:
352,"Evadir-se ou tentar evadir-se o preso ou o indivíduo submetido a medida de segurança detentiva, usando de violência contra a pessoa:"
353,"Arrebatar preso, a fim de maltratá-lo, do poder de quem o tenha sob custódia ou guarda:"
354,"Amotinarem-se presos, perturbando a ordem ou disciplina da prisão:"
355,"Trair, na qualidade de advogado ou procurador, o dever profis - sional, prejudicando interesse, cujo patrocínio, em juízo, lhe é confiado:"
356,"Inutilizar, total ou parcialmente, ou deixar de restituir autos, documento ou objeto de valor probatório, que recebeu na qualidade de advogado ou procurador:"
357,"Solicitar ou receber dinheiro ou qualquer outra utilidade, a pre - texto de influir em juiz, jurado, órgão do Ministério Público, funcionário de justiça, perito, tradutor, intérprete ou testemunha:"
358,"Impedir, perturbar ou fraudar arrematação judicial; afastar ou procurar afastar concorrente ou licitante, por meio de violência, grave ameaça, fraude ou oferecimento de vantagem:"
359,"Exercer função, atividade, direito, autoridade ou múnus, de que foi suspenso ou privado por decisão judicial:136 Código Penal"
360,"Ressalvada a legislação especial sobre os crimes contra a existên - cia, a segurança e a integridade do Estado e contra a guarda e o emprego da economia popular, os crimes de imprensa e os de falência, os de responsa - bilidade do Presidente da República e dos Governadores ou Interventores, e os crimes militares, revogam-se as disposições em contrário."
361,"Este Código entrará em vigor no dia 1o de janeiro de 1942. Rio de Janeiro, 7 de dezembro de 1940; 119o da Independência e 52o da República. GETÚLIO V ARGAS – Francisco Campos Decretado em 7/12/1940, publicado no DOU de 31/12/1940 e retificado no DOU de 3/1/1941.Conheça outras obras publicadas pela Coordenação de Edições Técnicas www.senado.leg.br/livrariaO volume apresenta o Código Penal, que vigora no País há mais de sete décadas. Ele resultou dos estudos de uma comissão criada ainda durante o Estado Novo (1937-1945), presidida por Francisco Campos, ministro da Justiça de Getúlio Vargas. Foi instituído pelo Decreto-Lei no 2.848, de dezembro de 1940, que só entrou em vigor em 1942. O leitor pode encontrar mais informações sobre Direito Penal em outra obra do Senado, a Coletânea básica penal , que, além do Código Penal, contém os dispositivos constitucionais pertinentes ao assunto, o Código de Processo"
